{"AAA": [0.01212267, 0.06880885, 0.06880809], "AAC": [0.01339633, 0.09762887, 0.09762969], "AAG": [0.01123006, 0.10078321, 0.10077592], "AAT": [0.01491865, 0.0681469, 0.06814932], "ACA": [0.0195145, 0.06949708, 0.06949773], "ACC": [0.01416888, 0.1390832, 0.1390795], "ACG": [0.01732766, 0.06140855, 0.06140845], "ACT": [0.01467519, 0.11811896, 0.11811728], "AGA": [0.01084317, 0.11359535, 0.11359534], "AGC": [0.01372451, 0.07083653, 0.07083517], "AGG": [0.0134962, 0.06401423, 0.06401165], "AGT": [0.01461941, 0.06798336, 0.06798635], "ATA": [0.01777573, 0.05638684, 0.05638376], "ATC": [0.01269714, 0.09959033, 0.09958442], "ATG": [0.01428623, 0.08167434, 0.08167724], "ATT": [0.01241179, 0.0862874, 0.08628255], "CAA": [0.01692008, 0.10704115, 0.1070281], "CAC": [0.01869374, 0.15059794, 0.15061753], "CAG": [0.0212465, 0.06028663, 0.06029289], "CAT": [0.02308662, 0.08186135, 0.08186379], "CCA": [0.01244172, 0.11500377, 0.1150084], "CCC": [0.02126469, 0.06694204, 0.06694157], "CCG": [0.01427401, 0.06473939, 0.06475349], "CCT": [0.01690144, 0.08302548, 0.08302517], "CGA": [0.01735638, 0.07541742, 0.07541959], "CGC": [0.01953918, 0.07131269, 0.071314], "CGG": [0.0179157, 0.05837555, 0.05838619], "CGT": [0.0165039, 0.10900453, 0.10900895], "CTA": [0.01414384, 0.07980957, 0.07980206], "CTC": [0.01412002, 0.06700707, 0.06700422], "CTG": [0.01470725, 0.06557623, 0.06557678], "CTT": [0.015194, 0.06674195, 0.06674012], "GAA": [0.01054557, 0.08152332, 0.08152545], "GAC": [0.01273556, 0.09891243, 0.0989133], "GAG": [0.01167357, 0.06803446, 0.06803206], "GAT": [0.01271045, 0.08088459, 0.08088062], "GCA": [0.01672933, 0.07568168, 0.07568362], "GCC": [0.01514793, 0.12528387, 0.1252956], "GCG": [0.02196776, 0.06493423, 0.0649345], "GCT": [0.01347822, 0.13965725, 0.13964646], "GGA": [0.01299496, 0.06887911, 0.06887952], "GGC": [0.01422838, 0.08007915, 0.08008007], "GGG": [0.01329726, 0.0684936, 0.06847878], "GGT": [0.01193471, 0.12606272, 0.12606836], "GTA": [0.01647814, 0.06017619, 0.06015895], "GTC": [0.0126566, 0.13998906, 0.13999885], "GTG": [0.01387608, 0.07148174, 0.07148346], "GTT": [0.01237259, 0.11011598, 0.11011647], "TAC": [0.01130781, 0.09393789, 0.09394137], "TAT": [0.01270151, 0.07126549, 0.07126759], "TCA": [0.01511775, 0.07366807, 0.07365712], "TCC": [0.01261025, 0.11538834, 0.11538351], "TCG": [0.01425734, 0.06372282, 0.06371933], "TCT": [0.01203962, 0.10499396, 0.10498856], "TGC": [0.01790052, 0.0783255, 0.07831755], "TGG": [0.01363885, 0.1005245, 0.10052155], "TGT": [0.01596207, 0.09422247, 0.09422502], "TTA": [0.01346104, 0.07462362, 0.07462616], "TTC": [0.01239204, 0.10473887, 0.10475143], "TTG": [0.01009183, 0.08992646, 0.08992605], "TTT": [0.01460944, 0.07614183, 0.07614077]}