{"50": 0.42331, "49": 0.49469, "48": 0.57111, "47": 0.63803, "46": 0.6735, "45": 0.66329, "44": 0.61506, "43": 0.5501, "42": 0.48716, "41": 0.43741, "40": 0.4073, "39": 0.40189, "38": 0.42447, "37": 0.46221, "36": 0.45127, "35": 0.3472, "34": 0.22638, "33": 0.13191, "32": 0.05739, "31": -0.00924, "30": -0.07755, "29": -0.15618, "28": -0.25484, "27": -0.38573, "26": -0.56307, "25": -0.79501, "24": -1.05187, "23": -1.18863, "22": -0.89958, "21": -0.05899, "20": 0.78069, "19": 1.06697, "18": 0.92544, "17": 0.66152, "16": 0.4198, "15": 0.22933, "14": 0.08096, "13": -0.04094, "12": -0.15078, "11": -0.26168, "10": -0.38752, "9": -0.54551, "8": -0.75453, "7": -1.00354, "6": -1.1471, "5": -1.02348, "4": -0.79565, "3": -0.61043, "2": -0.48067, "1": -0.38991}